name,url,description,logo,category,subCategory,tags
ChatGPT,"https://chat.openai.com","由OpenAI开发的功能强大的通用对话模型，可用于内容创作、编码辅助、回答问题等。",,AI写作,常用,"官方,免费增值,对话"
Midjourney,"https://www.midjourney.com","顶级的AI图像生成器，通过文本提示创造出具有高度艺术性和细节的图片。",,AI绘画,常用,"高质量,付费,Discord"
Claude 3.5 Sonnet,"https://claude.ai","Anthropic开发的最新模型，在推理、编码和视觉方面表现出色，以高情商和安全性著称。",,AI写作,常用,"官方,免费增值,对话"
Stable Diffusion 3,"https://stability.ai","领先的开源文生图模型，图像质量和文本理解能力优秀，可供开发者自由部署和微调。",,AI绘画,探索,"开源,免费,技术"
Runway,"https://runwayml.com","专业的AI视频生成和编辑平台，提供文生视频、图生视频、视频到视频等多种强大功能。",,AI视频,常用,"视频生成,专业,付费"
Pika,"https://pika.art","易于上手的AI视频生成工具，因其出色的动态效果和创造力而广受欢迎。",,AI视频,探索,"热门,免费增值"
GitHub Copilot,"https://github.com/features/copilot","由GitHub和OpenAI共同开发的AI编程助手，可以在IDE中实时提供代码建议和自动补全。",,AI编程,常用,"官方,付费,效率"
ElevenLabs,"https://elevenlabs.io","提供非常逼真和富有情感的AI语音合成(TTS)和声音克隆服务。",,AI音频,专业,"语音合成,付费,高质量"
Notion AI,"https://www.notion.so/product/ai","集成在Notion笔记应用中的AI助手，可以帮助用户总结、写作、翻译和头脑风暴。",,AI写作,常用,"笔记,效率,集成"
Gamma,"https://gamma.app","使用AI快速生成精美演示文稿(PPT)、文档和网页，极大提升内容创作效率。",,AI办公,常用,"PPT,免费增值,自动化"
Perplexity AI,"https://www.perplexity.ai","一个对话式AI搜索引擎，它能提供带有引用来源的、总结性的答案。",,AI搜索,探索,"搜索引擎,免费增值,信息获取"
Hugging Face,"https://huggingface.co","全球最大的AI模型和数据集共享社区，是AI开发者和研究人员的宝库。",,AI平台,专业,"开源,社区,开发者"
Suno AI,"https://suno.com/","领先的AI音乐和歌曲生成工具，可以根据文本提示创作出包含人声和伴奏的完整歌曲。",,AI音频,探索,"音乐生成,免费增值,创意"
Kimi Chat,"https://kimi.moonshot.cn/","由月之暗面开发的国产大模型，以其超长的上下文窗口（可达200万字）处理能力而闻名。",,AI写作,常用,"国产,长文本,免费"
Cursor,"https://cursor.sh","一个为AI辅助编程而生的代码编辑器，深度集成了强大的AI功能，能极大提升开发效率。",,AI编程,探索,"开发者工具,免费增值,编辑器"
Tome,"https://tome.app","AI驱动的叙事和演示文稿创作平台，帮助用户快速将想法转化为视觉故事。",,AI办公,常用,"PPT,免费增值,故事化"
Phind,"https://www.phind.com","一个专门为开发者设计的AI搜索引擎，能提供精准的代码示例和技术解答。",,AI编程,专业,"搜索引擎,开发者,免费"
Luma AI Dream Machine,"https://lumalabs.ai/dream-machine","近期发布的超现实高质量AI视频生成模型，以其流畅性和物理一致性受到广泛关注。",,AI视频,探索,"热门,免费,高质量"
HeyGen,"https://www.heygen.com","专业的AI数字人与视频翻译平台，可以快速创建虚拟形象视频并进行多语言配音。",,AI视频,专业,"数字人,付费,营销"
Copy.ai,"https://www.copy.ai","一个专注于营销文案生成的AI写作平台，提供多种模板用于创作广告、博客和社交媒体内容。",,AI写作,专业,"营销文案,付费,自动化"
Jasper,"https://www.jasper.ai","企业级的AI内容创作平台，擅长生成符合品牌调性的高质量营销文案。",,AI写作,专业,"营销文案,付费,企业级"
Writesonic,"https://writesonic.com","多功能的AI写作助手，提供文章、广告、邮件等多种内容的生成和改写服务。",,AI写作,常用,"SEO,免费增值"
DeepL Write,"https://www.deepl.com/write","由知名翻译工具DeepL推出的AI写作润色工具，擅长提升文本的清晰度和专业性。",,AI写作,专业,"润色,免费增值"
Grammarly,"https://www.grammarly.com","知名的在线语法检查和写作辅助工具，其AI功能可以提供风格和语气的建议。",,AI写作,常用,"语法检查,免费增值"
Canva,"https://www.canva.com/ai-image-generator/","知名在线设计平台Canva集成的AI绘画功能，可以在设计流程中快速生成所需图片。",,AI绘画,常用,"设计,免费增值,集成"
Leonardo Ai,"https://leonardo.ai","一个功能丰富的AI艺术创作平台，提供多种模型和工具来生成游戏资产、概念艺术等。",,AI绘画,探索,"游戏资产,免费增值,社区"
Playground AI,"https://playground.com","一个强大且易于使用的在线AI图像编辑器和生成器。",,AI绘画,探索,"免费,社区"
Civitai,"https://civitai.com","一个大型的Stable Diffusion模型分享社区，用户可以下载和分享各种风格的模型。",,AI平台,专业,"模型分享,社区,免费"
Viggle,"https://viggle.ai","一个AI视频工具，可以用一张角色图片和一段动作视频，生成角色模仿该动作的视频。",,AI视频,探索,"角色动画,免费,Discord"
Descript,"https://www.descript.com","通过编辑文字稿来剪辑音视频的工具，其AI功能包括声音克隆、自动去口头禅等。",,AI音频,专业,"剪辑,播客,免费增值"
Adobe Podcast,"https://podcast.adobe.com","Adobe推出的免费AI音频处理工具，其“Enhance Speech”功能可以极大地提升录音质量。",,AI音频,常用,"降噪,免费,播客"
Udio,"https://www.udio.com","一个高质量的AI音乐生成平台，可以创作出非常逼真的歌曲和音乐片段。",,AI音频,探索,"音乐生成,免费,高质量"
Replicate,"https://replicate.com","一个让开发者可以轻松运行和微调开源AI模型的平台，提供了丰富的API接口。",,AI平台,专业,"API,开发者,付费"
Poe by Quora,"https://poe.com","一个集合了多种AI聊天机器人的平台，用户可以在一个应用里与GPT、Claude等多种模型对话。",,AI对话,常用,"免费增值,模型聚合"
Character.ai,"https://character.ai","允许用户创建并与各种虚拟角色（名人、动漫人物等）进行对话的AI平台。",,AI对话,探索,"角色扮演,免费"
Synthesia,"https://www.synthesia.io","领先的AI视频生成平台，专注于创建企业级的数字人讲解视频。",,AI视频,专业,"数字人,企业级,付费"
Murf.ai,"https://murf.ai","一个多功能的AI语音生成器，提供多种语言和声音风格，适用于视频、播客等场景。",,AI音频,专业,"语音合成,免费增值"
Firefly by Adobe,"https://firefly.adobe.com","Adobe推出的创意AI模型系列，深度集成在Photoshop、Illustrator等产品中。",,AI绘画,常用,"官方,集成,免费增值"
Looka,"https://looka.com","使用AI帮助用户设计品牌Logo和建立品牌识别系统。",,AI设计,专业,"Logo设计,付费"
Uizard,"https://uizard.io","一个AI驱动的UI设计工具，可以从手绘草图快速生成可编辑的UI设计稿和原型。",,AI设计,探索,"UI设计,免费增值,效率"
Spline,"https://spline.design","一个易于上手的3D设计工具，其AI功能可以帮助用户快速生成3D模型和纹理。",,AI设计,探索,"3D,免费增值"
Beautiful.ai,"https://www.beautiful.ai","一个使用AI来自动化演示文稿设计的平台，确保每一页都美观专业。",,AI办公,常用,"PPT,自动化,付费"
Taskade,"https://www.taskade.com","一个集成了AI功能的团队协作和项目管理工具，可以生成任务列表、思维导图等。",,AI办公,常用,"协作,项目管理,免费增值"
Tldraw,"https://www.tldraw.com","一个在线白板工具，其“Make It Real”功能可以将手绘草图快速转换成可用的网页代码。",,AI编程,探索,"原型,免费,开源"
v0 by Vercel,"https://v0.dev","一个由Vercel推出的实验性AI工具，可以通过文本提示生成基于React和Tailwind CSS的UI组件代码。",,AI编程,专业,"UI组件,React,开发者"
Tabnine,"https://www.tabnine.com","一个AI代码补全工具，支持多种编程语言和IDE，致力于提升开发者的编码速度。",,AI编程,常用,"代码补全,免费增值"
Codeium,"https://codeium.com","一个免费的AI编程助手，提供代码补全、聊天和搜索等功能，被视为Copilot的有力竞争者。",,AI编程,常用,"免费,代码补全"
You.com,"https://you.com","一个结合了传统搜索和AI聊天功能的搜索引擎。",,AI搜索,常用,"搜索引擎,免费"
Brave Search,"https://search.brave.com","Brave浏览器推出的搜索引擎，集成了AI摘要功能，注重用户隐私。",,AI搜索,探索,"隐私,免费"
Midjourney_zh,"https://www.midjourney.cn","Midjourney的中文官方合作伙伴，为中国用户提供更便捷的服务。",,AI绘画,常用,"官方,中文"
文心一格,"https://yige.baidu.com","百度推出的AI艺术和创意辅助平台，基于文心大模型。",,AI绘画,常用,"国产,免费增值"
通义万相,"https://wanxiang.aliyun.com","阿里巴巴推出的AI绘画创作模型，功能丰富。",,AI绘画,探索,"国产,免费增值"
文心一言,"https://yiyan.baidu.com","百度推出的基于文心大模型的对话式AI应用。",,AI写作,常用,"国产,免费增值"
通义千问,"https://tongyi.aliyun.com","阿里巴巴推出的超大规模语言模型，功能对标ChatGPT。",,AI写作,常用,"国产,免费增值"
豆包,"https://www.doubao.com","由字节跳动推出的AI对话助手，功能全面。",,AI对话,常用,"国产,免费"
讯飞星火,"https://xinghuo.xfyun.cn","科大讯飞推出的认知大模型，在语言理解和代码能力上表现出色。",,AI写作,探索,"国产,免费增值"
Gradio,"https://www.gradio.app","一个可以为你的AI模型快速创建Web交互界面的Python库，被Hugging Face收购。",,AI平台,专业,"开源,开发者,免费"
Llama 3,"https://llama.meta.com/","Meta推出的最新一代开源大语言模型，性能强大，广受开发者欢迎。",,AI平台,专业,"开源,模型,免费"
Gemini,"https://gemini.google.com","Google推出的多模态AI模型，能够理解和处理文本、图片、音频和视频等多种信息。",,AI写作,常用,"官方,多模态,免费增值"
Sora,"https://openai.com/sora","OpenAI发布的文生视频大模型，因其生成的视频质量和时长而引起轰动。",,AI视频,探索,"官方,未开放,高质量"
RunwayML,"https://runwayml.com/","一个面向创作者的AI工具平台，提供了超过30种AI魔法工具。",,AI平台,专业,"创意,视频,付费"
Kaiber,"https://kaiber.ai","一个AI创意平台，可以将图片或文字转换成富有想象力的视频。",,AI视频,探索,"视频生成,免费增值"
D-ID,"https://www.d-id.com","一个可以将静态照片转换成会说话的动态视频的AI平台。",,AI视频,专业,"数字人,付费"
Invideo AI,"https://invideo.io/ai/","一个AI视频创作助手，可以根据文本提示自动完成脚本、素材、配音和剪辑。",,AI视频,常用,"自动化,免费增值"
Vidyo.ai,"https://vidyo.ai","一个可以将长视频（如播客、访谈）自动剪辑成多个病毒式短视频的AI工具。",,AI视频,专业,"短视频,剪辑,付费"
Opus Clip,"https://www.opus.pro/","与Vidyo.ai类似，利用AI将长视频高效地转化为多个适合社交媒体的短片。",,AI视频,专业,"短视频,剪辑,免费增值"
Jasper Art,"https://www.jasper.ai/art","知名AI写作工具Jasper推出的AI绘画功能。",,AI绘画,专业,"集成,付费"
NightCafe Creator,"https://creator.nightcafe.studio","一个流行的AI艺术生成器，提供多种算法和社区功能。",,AI绘画,探索,"社区,免费增值"
Artbreeder,"https://www.artbreeder.com","一个独特的AI艺术工具，可以通过混合和演化图片来创造新的图像。",,AI绘画,探索,"创意,免费增值"
DeepArt.io,"https://deepart.io","一个可以将你的照片转换成名画风格的AI艺术生成器。",,AI绘画,探索,"风格转换,付费"
Clipdrop,"https://clipdrop.co","由Stability AI收购的一系列AI图片编辑工具，包括移除背景、移除物体、提升分辨率等。",,AI设计,常用,"图片编辑,免费增值"
Remove.bg,"https://www.remove.bg","一个非常知名的在线AI工具，可以快速、自动地移除图片背景。",,AI设计,常用,"抠图,免费增值"
Figma,"https://www.figma.com","主流的UI设计工具，其插件和社区资源中包含了大量AI功能，如AI内容填充、布局生成等。",,AI设计,常用,"UI设计,集成"
Khroma,"https://www.khroma.co","一个为设计师打造的AI配色工具，可以根据你的偏好生成无限的调色板。",,AI设计,探索,"配色,免费,设计师"
Autodraw,"https://www.autodraw.com","Google推出的一个AI绘画工具，可以识别你的涂鸦并将其转换成精美的插图。",,AI绘画,常用,"免费,趣味"
LALAL.AI,"https://www.lalal.ai","一个高质量的AI音轨分离工具，可以将音乐中的人声、伴奏、鼓点等分离出来。",,AI音频,专业,"音轨分离,付费"
AIVA,"https://www.aiva.ai","一个AI音乐创作助手，可以创作出多种风格的背景音乐和原声配乐。",,AI音频,探索,"配乐,免费增值"
Amper Music,"https://www.ampermusic.com","一个AI音乐创作平台，旨在为内容创作者快速生成免版税的定制音乐。",,AI音频,专业,"免版税,付费"
Otter.ai,"https://otter.ai","一个AI会议助手，可以实时转录会议内容，并自动生成摘要和关键词。",,AI办公,常用,"会议纪要,转录,免费增值"
Fireflies.ai,"https://fireflies.ai","另一个流行的AI会议助手，可以集成到Zoom、Google Meet等平台，自动记录和分析会议。",,AI办公,常用,"会议纪要,集成,免费增值"
SlidesAI.io,"https://www.slidesai.io","一个AI演示文稿制作工具，可以直接从文本快速生成演示幻灯片。",,AI办公,探索,"PPT,免费增值"
Miro,"https://miro.com/ai/","知名的在线协作白板工具Miro推出的AI功能，可以帮助团队进行头脑风暴、总结和图表生成。",,AI办公,常用,"协作,白板,集成"
ClickUp,"https://clickup.com/ai","一个项目管理工具，其AI功能可以帮助用户撰写任务更新、总结评论和生成项目报告。",,AI办公,常用,"项目管理,集成"
Zapier,"https://zapier.com/ai","知名的自动化工作流平台Zapier集成的AI功能，可以帮助用户创建更智能的自动化流程。",,AI办公,专业,"自动化,集成"
Bard (now Gemini),"https://gemini.google.com","Google Bard已更名为Gemini，是Google对标ChatGPT的核心AI对话产品。",,AI对话,常用,"官方,免费增值"
Grok,"https://grok.x.ai","由xAI (Elon Musk的公司) 开发的AI模型，以其幽默感和实时访问X(Twitter)信息的能力为特点。",,AI对话,探索,"实时信息,付费"
ChatGPT 4o,"https://openai.com","OpenAI最新发布的多模态模型，o代表omni(全能)，在速度和成本上进行了优化，并增强了语音和视觉能力。",,AI写作,常用,"官方,多模态"
DALL-E 3,"https://openai.com/dall-e-3","集成在ChatGPT Plus和Copilot中的最新图像生成模型，对自然语言的理解非常出色。",,AI绘画,常用,"官方,集成"
MusicFX,"https://aidemos.google/musicfx/","Google AI Test Kitchen中的一个实验性AI音乐生成工具。",,AI音频,探索,"免费,实验性"
ImageFX,"https://aitestkitchen.withgoogle.com/tools/image-fx","Google推出的AI图片生成工具，注重于提供创意的提示词建议。",,AI绘画,探索,"免费,实验性"
TextFX,"https://aitestkitchen.withgoogle.com/tools/text-fx","一个为作家和说唱歌手设计的AI创意写作工具，提供多种文字游戏和技巧。",,AI写作,探索,"免费,实验性,创意"
Waymark,"https://waymark.com","一个AI视频创作平台，专注于为本地企业快速生成高质量的电视和网络广告。",,AI视频,专业,"广告,付费"
Gencraft,"https://gencraft.com","一个AI艺术和视频生成器，提供多种风格和模型。",,AI绘画,探索,"免费增值"
Veed.io,"https://www.veed.io","一个在线视频编辑平台，集成了大量的AI功能，如自动字幕、移除背景、清理音频等。",,AI视频,常用,"视频编辑,集成"
Fliki,"https://fliki.ai","一个可以将文本（如博客文章）快速转换成带有配音和素材的视频的AI工具。",,AI视频,常用,"文生视频,自动化"
Play.ht,"https://play.ht","一个功能强大的AI语音生成器和文本转语音平台，提供多种超现实的声音。",,AI音频,专业,"语音合成,付费"
Resemble.ai,"https://www.resemble.ai","一个专注于声音克隆和实时语音转换的AI平台。",,AI音频,专业,"声音克隆,付费,开发者"
Soundraw,"https://soundraw.io","一个为创作者设计的AI音乐生成器，可以根据情绪、风格和时长生成独特的音乐。",,AI音频,常用,"配乐,免费增值"
Boomy,"https://boomy.com","一个让任何人都可以通过AI创作原创歌曲并将其发布到流媒体平台的工具。",,AI音频,探索,"音乐生成,免费"
PhotoRoom,"https://www.photoroom.com","一个强大的AI图片编辑应用，尤其擅长为电商产品图移除和替换背景。",,AI设计,常用,"电商,图片编辑,免费增值"
Microsoft Designer,"https://designer.microsoft.com","微软推出的AI设计工具，可以根据一句话描述快速生成社交媒体帖子、邀请函等设计。",,AI设计,常用,"免费,官方"
Galileo AI,"https://www.usegalileo.ai","一个可以使用文本提示快速生成可编辑的UI界面的AI设计工具。",,AI设计,探索,"UI设计,付费"
Lovo.ai,"https://lovo.ai","一个广受好评的AI语音生成器和文本转语音平台，提供多种情感丰富的配音。",,AI音频,专业,"语音合成,付费"
Speechify,"https://speechify.com","一个文本转语音应用，可以将任何文本（网页、文档、PDF）朗读出来，帮助用户提高阅读效率。",,AI音频,常用,"听书,效率,免费增值"
DeepMind,"https://deepmind.google","Google旗下顶尖的人工智能研究实验室，其发布的模型如AlphaGo、AlphaFold等推动了行业发展。",,AI平台,专业,"研究,官方"
OpenAI,"https://openai.com","ChatGPT、DALL-E和Sora的开发者，全球领先的人工智能研究和部署公司。",,AI平台,专业,"官方,研究"
Anthropic,"https://www.anthropic.com","由前OpenAI成员创立的AI安全和研究公司，以其开发的Claude系列模型而闻名。",,AI平台,专业,"官方,研究,安全"
Coqui,"https://coqui.ai","一个提供开源文本转语音库和模型的平台，深受开发者喜爱。",,AI音频,专业,"开源,开发者"
Colab,"https://colab.research.google.com","Google提供的免费Jupyter Notebook环境，预装了多种AI和数据科学库，是学习和实验AI的绝佳平台。",,AI平台,常用,"免费,开发者,学习"
Kaggle,"https://www.kaggle.com","一个面向数据科学家和机器学习工程师的在线社区和竞赛平台。",,AI平台,专业,"数据科学,社区,竞赛"
TensorFlow,"https://www.tensorflow.org","由Google开发的端到端开源机器学习平台。",,AI平台,专业,"开源,框架,开发者"
PyTorch,"https://pytorch.org","由Meta AI开发的开源机器学习框架，以其灵活性和易用性深受研究人员喜爱。",,AI平台,专业,"开源,框架,开发者"
Scikit-learn,"https://scikit-learn.org","一个用于Python的免费机器学习库，提供了多种分类、回归和聚类算法。",,AI平台,专业,"开源,Python,数据科学"
Beautiful Soup,"https://www.crummy.com/software/BeautifulSoup/","一个用于从HTML和XML文件中提取数据的Python库，常用于网络爬虫。",,AI编程,专业,"Python,爬虫"
Pandas,"https://pandas.pydata.org","一个为Python语言提供高性能、易于使用的数据结构和数据分析工具的库。",,AI编程,专业,"Python,数据分析"
Numpy,"https://numpy.org","Python语言的一个扩展程序库，支持大量的维度数组与矩阵运算。",,AI编程,专业,"Python,科学计算"
Jupyter,"https://jupyter.org","一个开源项目，支持跨多种编程语言的交互式计算，其Jupyter Notebook是数据科学的标准工具。",,AI平台,常用,"开源,数据科学,开发者"
AnimateDiff,"https://github.com/guoyww/animatediff","一个可以为静态的AI绘画模型（如Stable Diffusion）添加动画能力的模型。",,AI视频,探索,"开源,动画"
Magic Leap,"https://www.magicleap.com","一家开发增强现实（AR）头戴设备的公司，其技术大量应用AI。",,AI硬件,探索,"AR,硬件"
Rabbit R1,"https://www.rabbit.tech","一款基于大型动作模型(LAM)的AI硬件设备，旨在通过自然语言完成用户的操作任务。",,AI硬件,探索,"硬件,LAM"
Humane Ai Pin,"https://humane.com","一款无屏幕、可穿戴的AI设备，通过语音、触摸和手势进行交互。",,AI硬件,探索,"硬件,可穿戴"
Synthesizer V,"https://dreamtonics.com/synthesizerv/","一款功能强大的歌声合成软件，其AI版本可以生成非常逼真的歌声。",,AI音频,专业,"歌声合成,付费"
Voice-Swap,"https://voice-swap.ai","一个允许音乐制作人将其声音转换为不同风格的、由知名艺术家提供的AI声音模型的平台。",,AI音频,专业,"声音转换,付费,音乐制作"
Splash,"https://www.splashmusic.com","一个结合了游戏和AI音乐创作的平台，让用户可以轻松制作和表演音乐。",,AI音频,探索,"音乐,游戏,免费"
Lemonaid,"https://www.lemonaid.ai","一个AI工具，可以将播客音频自动转换成博客文章、社交媒体帖子等多种内容形式。",,AI写作,专业,"内容再利用,播客,付费"
Swell AI,"https://www.swellai.com","一个为播客创作者服务的AI平台，可以自动生成节目摘要、章节、关键词和文章。",,AI写作,专业,"播客,自动化,付费"
Wix ADI,"https://www.wix.com/adi","知名建站平台Wix推出的AI设计智能工具，可以根据几个问题快速为用户创建一个完整的网站。",,AI设计,常用,"建站,自动化,免费增值"
Framer AI,"https://www.framer.com/ai","专业网页设计工具Framer集成的AI功能，可以快速生成和迭代网页布局、文案和样式。",,AI设计,专业,"网页设计,集成,付费"
Durable,"https://durable.co","一个声称可以在30秒内用AI为用户生成一个完整业务网站的平台。",,AI设计,探索,"建站,自动化"
10Web.io,"https://10web.io","一个AI驱动的WordPress平台，提供网站构建、托管和页面速度优化等服务。",,AI设计,专业,"WordPress,建站,付费"
Midjourney V6,"https://www.midjourney.com","Midjourney的最新模型版本，在图像真实感、细节和对提示词的理解上有了巨大飞跃。",,AI绘画,常用,"高质量,付费"
DALL-E 2,"https://openai.com/dall-e-2","OpenAI的前一代图像生成模型，仍然被广泛使用。",,AI绘画,探索,"官方,付费"
Craiyon,"https://www.craiyon.com","前身为DALL-E mini，一个免费的在线AI图像生成器，适合快速尝试和娱乐。",,AI绘画,探索,"免费,趣味"
DeepFloyd IF,"https://github.com/deep-floyd/IF","一个开源的文生图模型，以其出色的文字渲染能力而著称（可以在图片中准确生成文字）。",,AI绘画,探索,"开源,文字渲染"
Kandinsky,"https://www.kandinsky-ai.com","一个多模态AI模型，可以生成高质量的图像和视频。",,AI绘画,探索,"多模态"
Ideogram,"https://ideogram.ai","一个专注于在图像中生成可靠、美观文字的AI图像生成器。",,AI绘画,常用,"文字渲染,免费增值"
Lexica,"https://lexica.art","一个集成了AI图像生成器和大型提示词搜索引擎的网站。",,AI绘画,常用,"搜索引擎,提示词,免费增值"
GIMP,"https://www.gimp.org","一款免费、开源的图像编辑软件，通过社区插件可以集成多种AI功能。",,AI设计,常用,"开源,免费,图片编辑"
Krita,"https://krita.org","一款免费、开源的专业数字绘画软件，同样可以通过插件集成AI绘画功能。",,AI设计,常用,"开源,免费,绘画"
Lobe,"https://www.lobe.ai","微软推出的一个免费、易于使用的应用，可以帮助用户在没有编程基础的情况下训练自己的机器学习模型。",,AI平台,探索,"模型训练,免费,无代码"
Teachable Machine,"https://teachablemachine.withgoogle.com","Google推出的一个快速、简单的Web工具，可以训练计算机来识别你自己的图像、声音和姿势。",,AI平台,探索,"模型训练,免费,无代码"
RunPod,"https://www.runpod.io","一个提供高性价比GPU云服务的平台，适合运行和训练大型AI模型。",,AI平台,专业,"GPU,云服务,付费"
Vast.ai,"https://vast.ai","另一个GPU租赁市场，用户可以以较低的价格租用到个人或数据中心提供的GPU算力。",,AI平台,专业,"GPU,云服务,付费"
AssemblyAI,"https://www.assemblyai.com","一个提供语音转文本、语音理解等多种功能的AI语音API平台。",,AI音频,专业,"API,开发者,付费"
Deepgram,"https://deepgram.com","一个为企业提供快速、准确的自动语音识别(ASR)和自然语言理解(NLU)服务的平台。",,AI音频,专业,"API,开发者,企业级"
Coqui Studio,"https://coqui.ai/studio","Coqui提供的声音克隆和AI语音生成工作室。",,AI音频,专业,"声音克隆,付费"
Poly.ai,"https://poly.ai","一个专注于创建企业级AI语音客服和电话助手的平台。",,AI对话,专业,"客服,企业级,付费"
Rasa,"https://rasa.com","一个开源的对话式AI框架，用于构建聊天机器人和语音助手。",,AI对话,专业,"开源,开发者"
CodiumAI,"https://www.codium.ai","一个AI代码分析和测试工具，可以帮助开发者理解代码、生成测试用例。",,AI编程,专业,"代码测试,开发者,免费增值"
Bugasura,"https://bugasura.com","一个集成了AI功能的Bug跟踪和管理工具，旨在简化软件测试流程。",,AI编程,探索,"Bug跟踪,测试"
QuillBot,"https://quillbot.com","一个流行的AI写作和释义工具，可以帮助用户改写、总结和检查文本。",,AI写作,常用,"释义,免费增值"
Wordtune,"https://www.wordtune.com","一个AI写作伴侣，可以提供多种方式来改写你的句子，让表达更清晰、有力。",,AI写作,常用,"改写,免费增值"
Rytr,"https://rytr.me","一个提供多种模板和用例的AI内容生成器，性价比高。",,AI写作,常用,"免费增值,性价比"
ShortlyAI,"https://www.shortlyai.com","一个使用GPT技术的AI写作伙伴，以其简洁的界面和强大的长文写作能力著称。",,AI写作,探索,"长文,付费"
Frase.io,"https://www.frase.io","一个帮助内容创作者研究、撰写和优化SEO内容的AI平台。",,AI写作,专业,"SEO,付费"
Surfer SEO,"https://surferseo.com","另一个专注于SEO内容优化的AI工具，提供内容审计、关键词研究和写作建议。",,AI写作,专业,"SEO,付费"
Clearscope,"https://www.clearscope.io","一个顶级的SEO内容优化平台，被许多专业内容团队使用。",,AI写作,专业,"SEO,企业级"
MarketMuse,"https://www.marketmuse.com","一个利用AI进行内容策略、规划和优化的平台。",,AI写作,专业,"内容策略,企业级"
Stockimg.ai,"https://stockimg.ai","一个可以快速生成Logo、书籍封面、壁纸等多种设计资产的AI图像工具。",,AI设计,探索,"设计资产,免费增值"
Designs.ai,"https://designs.ai","一个集成了多种AI设计工具的在线平台，包括Logo、视频、语音和设计模板。",,AI设计,常用,"多合一,免费增值"
Khroma,"https://www.khroma.co","AI驱动的个性化配色方案生成器。",,AI设计,探索,"配色,免费"
Let's Enhance,"https://letsenhance.io","一个使用AI提升图片分辨率和质量的在线工具。",,AI设计,常用,"图片增强,免费增值"
Topaz Labs,"https://www.topazlabs.com","一家开发专业级AI图像和视频增强软件的公司，其产品如Gigapixel AI、Video AI广受好评。",,AI设计,专业,"图片增强,视频增强,付费"
Luminar Neo,"https://skylum.com/luminar","一款集成了多种AI功能的照片编辑软件。",,AI设计,专业,"照片编辑,付费"
Magic Eraser,"https://www.magiceraser.io","一个可以快速从图片中移除不需要的物体、人物或文字的AI工具。",,AI设计,常用,"图片编辑,免费"
WatermarkRemover.io,"https://www.watermarkremover.io","一个专门用于移除图片水印的AI工具。",,AI设计,常用,"去水印,免费"
HitPaw,"https://www.hitpaw.com","提供一系列多媒体工具，其AI功能包括视频/图片增强、物体移除等。",,AI设计,常用,"多合一,免费增值"
CapCut,"https://www.capcut.com","字节跳动旗下的流行视频剪辑应用，集成了大量AI功能，如自动字幕、AI特效等。",,AI视频,常用,"视频编辑,免费"
Motionleap,"https://www.motionleapapp.com","一个可以让静态照片动起来的创意编辑应用。",,AI视频,探索,"动画照片,免费增值"
Wonder Dynamics,"https://wonderdynamics.com","一个AI平台，可以将CG角色无缝地合成到真人实拍场景中，无需复杂的VFX流程。",,AI视频,专业,"VFX,动画,付费"
Pollinations,"https://pollinations.ai","一个提供多样化AI生成模型的平台，用户可以创作图片、视频和音频。",,AI平台,探索,"多模态,社区"
Decktopus,"https://www.decktopus.com","一个AI演示文稿制作工具，专注于帮助用户快速创建专业的商业提案和报告。",,AI办公,专业,"PPT,商业,付费"
Prezi,"https://prezi.com/ai-presentations","一个以其独特的缩放式演示而闻名的平台，现已集成AI功能来帮助生成演示内容。",,AI办公,常用,"PPT,集成"
Tango,"https://www.tango.us","一个可以自动捕捉你的工作流程并生成带截图的逐步操作指南的工具。",,AI办公,常用,"教程制作,自动化,免费增值"
Scribe,"https://scribehow.com","与Tango类似，可以自动记录屏幕操作并生成图文并茂的操作指南或SOP。",,AI办公,常用,"教程制作,自动化,免费增值"
xAI,"https://x.ai","Elon Musk创立的人工智能公司，旨在“理解宇宙的真实本质”，开发了Grok模型。",,AI平台,专业,"研究,官方"
Mistral AI,"https://mistral.ai","一家位于巴黎的AI创业公司，以其发布的高性能开源模型而闻名。",,AI平台,专业,"开源,模型,欧洲"
Cohere,"https://cohere.com","一家专注于为企业提供大型语言模型的AI公司，其模型擅长生成、分类和嵌入。",,AI平台,专业,"企业级,API"
AI21 Labs,"https://www.ai21.com","一家以色列AI公司，开发了Jurassic系列大型语言模型和Wordtune等写作工具。",,AI平台,专业,"研究,写作"
Lightricks,"https://www.lightricks.com","一家开发了多款流行创意应用的移动应用公司，如Facetune和Photoleap，深度集成AI功能。",,AI设计,常用,"移动应用,照片编辑"
Meitu,"https://www.meitu.com","美图秀秀的开发商，其应用中包含了大量AI驱动的美颜、修图和设计功能。",,AI设计,常用,"国产,美颜"
Remini,"https://remini.ai","一个流行的AI照片增强应用，尤其擅长修复模糊的旧照片和提升面部清晰度。",,AI设计,常用,"照片修复,免费增值,移动应用"
Erase.bg,"https://www.erase.bg","一个免费的AI背景移除工具，支持人物、产品、动物等多种主体。",,AI设计,常用,"抠图,免费"
Profile Picture AI,"https://www.profilepicture.ai","一个使用AI为用户生成多种风格的专业和创意头像的网站。",,AI绘画,探索,"头像,付费"
Hotpot.ai,"https://hotpot.ai","一个提供多种AI图形设计和图片编辑工具的平台，如AI艺术生成、头像制作、图片修复等。",,AI设计,探索,"多合一,免费增值"
RunDiffusion,"https://rundiffusion.com","一个提供云端Stable Diffusion服务的平台，让用户无需配置本地环境即可使用。",,AI绘画,专业,"云服务,付费"
Think Diffusion,"https://www.thinkdiffusion.com","另一个在线Stable Diffusion工作室，提供多种模型和工具。",,AI绘画,专业,"云服务,付费"
Mage.space,"https://www.mage.space","一个提供免费、无限制的Stable Diffusion图像生成服务的网站。",,AI绘画,探索,"免费,社区"
RenderNet,"https://rendernet.ai","一个旨在通过AI提升3D渲染效率和质量的平台。",,AI设计,探索,"3D,渲染"
Luma Labs,"https://lumalabs.ai/","专注于3D内容生成的AI公司，其NeRF（神经辐射场）技术和视频生成模型Dream Machine备受关注。",,AI平台,探索,"3D,NeRF,视频"
Polycam,"https://poly.cam","一个领先的3D捕捉应用，可以使用手机摄像头或LiDAR扫描创建高质量的3D模型。",,AI设计,常用,"3D扫描,移动应用"
Scaniverse,"https://scaniverse.com","另一个高质量的3D扫描应用，可以快速将真实世界物体转换成3D模型。",,AI设计,常用,"3D扫描,移动应用"
NVIDIA Canvas,"https://www.nvidia.com/en-us/studio/canvas/","NVIDIA推出的一个应用，利用AI将简单的笔触转换成逼真的风景画。",,AI绘画,专业,"官方,免费,硬件要求"
Google Colab Pro,"https://colab.research.google.com/signup","Google Colab的付费版本，提供更快的GPU、更长的运行时间和更多的内存。",,AI平台,专业,"GPU,付费,开发者"
Paperspace,"https://www.paperspace.com","一个为AI/ML开发者提供云端计算和GPU服务的平台。",,AI平台,专业,"GPU,云服务,付费"
Lambda Labs,"https://lambdalabs.com","提供GPU云、集群和本地工作站，专为深度学习而设计。",,AI平台,专业,"GPU,深度学习,付费"
CoreWeave,"https://www.coreweave.com","一个专注于大规模GPU加速计算的专业云提供商。",,AI平台,专业,"GPU,企业级,付费"
Voicemod,"https://www.voicemod.net","一个面向游戏玩家和内容创作者的实时变声器软件，使用AI技术生成多种声音效果。",,AI音频,常用,"变声器,游戏,免费增值"
Resound,"https://www.resound.fm","一个AI播客编辑工具，可以自动检测并移除填充词（如um, uh），混合和母带处理音频。",,AI音频,专业,"播客,编辑,付费"
Podcastle,"https://podcastle.ai","一个多合一的播客创作平台，提供录音、编辑、转录和AI语音等功能。",,AI音频,常用,"播客,多合一,免费增值"
Adobe Premiere Pro,"https://www.adobe.com/products/premiere.html","专业的视频编辑软件，已集成大量Adobe Sensei AI功能，如场景检测、自动调色、文本转语音等。",,AI视频,专业,"视频编辑,集成,付费"
DaVinci Resolve,"https://www.blackmagicdesign.com/products/davinciresolve","另一款专业的视频剪辑和调色软件，其AI引擎可以实现人脸识别、物体移除、智能重构图等功能。",,AI视频,专业,"视频编辑,集成,免费增值"
Final Cut Pro,"https://www.apple.com/final-cut-pro/","苹果公司的专业视频编辑软件，利用Apple Neural Engine进行AI加速的场景分析和对象跟踪。",,AI视频,专业,"视频编辑,集成,付费"
Klaviyo,"https://www.klaviyo.com/ai","一个专注于电商的邮件和短信营销平台，其AI功能可以帮助预测客户行为、生成营销文案。",,AI营销,专业,"电商,邮件营销,付费"
HubSpot AI,"https://www.hubspot.com/ai","知名的CRM平台HubSpot集成的AI功能，可以帮助营销、销售和客服团队提高效率。",,AI营销,专业,"CRM,集成,企业级"
Mailchimp,"https://mailchimp.com/ai-tools/","流行的邮件营销平台，利用AI帮助用户设计邮件、优化发送时间、生成内容建议。",,AI营销,常用,"邮件营销,集成,免费增值"
SEMrush,"https://www.semrush.com","一个全能的在线营销工具集，其AI功能贯穿于SEO、内容营销、市场研究等多个方面。",,AI营销,专业,"SEO,多合一,付费"
Ahrefs,"https://ahrefs.com","另一个顶级的SEO工具集，同样也开始集成AI功能来辅助关键词研究和内容创作。",,AI营销,专业,"SEO,多合一,付费"
Midjourney_ch,"https://www.midjourney.cn","Midjourney的中文官方合作伙伴，为中国用户提供更便捷的服务。",,AI绘画,常用,"官方,中文"
通义星尘,"https://xingchen.aliyun.com","阿里巴巴推出的角色扮演和社交AI平台。",,AI对话,探索,"国产,角色扮演"
秘塔AI搜索,"https://metaso.cn","一个提供无广告、直达结果的AI搜索引擎。",,AI搜索,探索,"国产,无广告,免费"
天工AI,"https://www.tiangong.cn","昆仑万维推出的AI搜索和对话产品。",,AI搜索,探索,"国产,免费增值"
海螺AI,"https://hailuoyun.com","一个专注于提供AI效率工具的平台。",,AI办公,探索,"国产,效率"